time_ms,time_s,light_level,motion,led_state,mode
51,0.051,1022,1,0,0
302,0.302,1022,1,0,0
553,0.553,1022,1,0,0
805,0.805,1022,1,0,0
1057,1.057,1022,1,0,0
1309,1.309,1022,1,0,0
1561,1.561,1022,1,0,0
1813,1.813,1022,1,0,0
2065,2.065,1022,1,0,0
2317,2.317,1022,1,0,0
2569,2.569,1022,1,0,0
2821,2.821,1022,1,0,0
3073,3.073,1022,1,0,0
3324,3.324,1022,1,0,0
3576,3.576,1022,1,0,0
3827,3.827,1022,1,0,0
4079,4.079,1022,1,0,0
4331,4.331,1022,1,0,0
4583,4.583,1022,1,0,0
4835,4.835,1022,1,0,0
5087,5.087,1022,1,0,0
5339,5.339,1022,1,0,0
5591,5.591,1022,1,0,0
5842,5.842,1022,1,0,0
6094,6.094,1022,1,0,0
6346,6.346,1022,1,0,0
6598,6.598,1022,1,0,0
6850,6.85,1022,0,0,0
7102,7.102,1022,0,0,0
7354,7.354,1022,0,0,0
7606,7.606,1021,0,0,0
7857,7.857,1022,0,0,0
8109,8.109,1022,0,0,0
8360,8.36,1022,0,0,0
8612,8.612,1022,0,0,0
8864,8.864,1022,0,0,0
9116,9.116,1022,0,0,0
9368,9.368,1022,0,0,0
9620,9.62,1022,0,0,0
9872,9.872,1021,0,0,0
10124,10.124,1021,0,0,0
10376,10.376,1022,0,0,0
10628,10.628,1022,0,0,0
10880,10.88,1022,0,0,0
11131,11.131,1022,0,0,0
11383,11.383,1022,0,0,0
11635,11.635,1021,0,0,0
11887,11.887,1022,0,0,0
12139,12.139,1022,0,0,0
12391,12.391,1022,0,0,0
12643,12.643,1022,0,0,0
12895,12.895,1022,0,0,0
13147,13.147,1022,0,0,0
13399,13.399,1022,0,0,0
13650,13.65,1022,0,0,0
13902,13.902,1022,0,0,0
14154,14.154,1022,0,0,0
14406,14.406,1022,0,0,0
14658,14.658,1022,0,0,0
14910,14.91,1022,0,0,0
15162,15.162,1022,0,0,0
15414,15.414,1022,0,0,0
15666,15.666,1022,0,0,0
15918,15.918,1022,0,0,0
16169,16.169,1022,0,0,0
16420,16.42,1022,0,0,0
16672,16.672,1022,0,0,0
16924,16.924,1022,0,0,0
17176,17.176,1022,0,0,0
17428,17.428,1021,0,0,0
17680,17.68,1021,0,0,0
17932,17.932,1021,0,0,0
18184,18.184,1022,0,0,0
18436,18.436,1022,0,0,0
18688,18.688,1022,0,0,0
18939,18.939,1022,0,0,0
19191,19.191,1021,0,0,0
19443,19.443,1022,0,0,0
19695,19.695,1021,0,0,0
19947,19.947,1022,0,0,0
20199,20.199,1022,0,0,0
20451,20.451,1022,1,0,0
20703,20.703,1022,1,0,0
20955,20.955,1022,1,0,0
21207,21.207,1021,1,0,0
21458,21.458,1022,1,0,0
21710,21.71,1022,1,0,0
21962,21.962,1022,1,0,0
22214,22.214,1022,1,0,0
22466,22.466,1022,1,0,0
22718,22.718,1022,1,0,0
22970,22.97,1022,1,0,0
23222,23.222,1022,1,0,0
23474,23.474,1022,1,0,0
23726,23.726,1021,1,0,0
24177,24.177,1022,1,1,1
24429,24.429,1022,1,1,1
24681,24.681,1022,1,1,1
24933,24.933,1022,1,1,1
25185,25.185,1021,1,1,1
25437,25.437,1022,1,1,1
25889,25.889,1022,1,0,2
26141,26.141,1022,1,0,2
26393,26.393,1022,1,0,2
26645,26.645,1022,1,0,2
26897,26.897,1022,1,0,2
27148,27.148,1021,1,0,2
27400,27.4,1022,1,0,2
27652,27.652,1022,1,0,2
27904,27.904,1022,1,0,2
28155,28.155,1022,1,0,2
28407,28.407,1022,1,0,2
28659,28.659,1022,1,0,2
28911,28.911,1022,1,0,2
29163,29.163,1022,1,0,2
29415,29.415,1022,1,0,2
29667,29.667,1022,1,0,2
29919,29.919,1022,1,0,2
30171,30.171,1022,1,0,2
30423,30.423,1022,1,0,2
30674,30.674,1022,1,0,2
30926,30.926,1021,1,0,2
31178,31.178,1008,1,0,2
31430,31.43,986,1,0,2
31682,31.682,945,1,0,2
31934,31.934,981,1,0,2
32186,32.186,924,1,0,2
32438,32.438,799,1,0,2
32690,32.69,691,1,0,2
32942,32.942,759,1,0,2
33193,33.193,795,1,0,2
33445,33.445,602,1,0,2
33697,33.697,683,1,0,2
33949,33.949,535,1,0,2
34401,34.401,708,1,1,0
34653,34.653,561,1,1,0
34905,34.905,613,1,1,0
35156,35.156,527,1,1,0
35408,35.408,535,1,1,0
35660,35.66,620,1,1,0
35912,35.912,513,1,1,0
36163,36.163,626,1,1,0
36415,36.415,445,1,1,0
36667,36.667,625,1,1,0
36919,36.919,550,1,1,0
37171,37.171,517,1,1,0
37423,37.423,532,1,1,0
37675,37.675,515,1,1,0
37926,37.926,640,1,1,0
38178,38.178,419,1,1,0
38430,38.43,618,1,1,0
38682,38.682,472,1,1,0
38934,38.934,583,1,1,0
39186,39.186,511,1,1,0
39438,39.438,511,1,1,0
39690,39.69,560,1,1,0
39942,39.942,478,1,1,0
40193,40.193,615,1,1,0
40444,40.444,419,1,1,0
40696,40.696,604,1,1,0
40948,40.948,509,1,1,0
41200,41.2,519,1,1,0
41452,41.452,517,1,1,0
41704,41.704,505,1,1,0
41956,41.956,593,1,1,0
42208,42.208,424,1,1,0
42460,42.46,612,1,1,0
42712,42.712,439,1,1,0
42963,42.963,567,1,1,0
43215,43.215,509,1,1,0
43467,43.467,509,1,1,0
43719,43.719,530,1,1,0
43971,43.971,481,1,1,0
44222,44.222,616,1,1,0
44474,44.474,409,1,1,0
44726,44.726,608,1,1,0
44978,44.978,460,1,1,0
45230,45.23,546,1,1,0
45481,45.481,511,1,1,0
45733,45.733,507,1,1,0
45985,45.985,552,1,1,0
46237,46.237,446,1,1,0
46489,46.489,613,1,1,0
46741,46.741,416,1,1,0
46993,46.993,590,1,1,0
47245,47.245,495,1,1,0
47497,47.497,513,1,1,0
47749,47.749,514,1,1,0
48001,48.001,497,1,1,0
48252,48.252,575,1,1,0
48503,48.503,425,1,1,0
48755,48.755,611,1,1,0
49007,49.007,424,1,1,0
49259,49.259,574,1,1,0
49511,49.511,504,1,1,0
49763,49.763,511,1,1,0
50015,50.015,518,0,1,0
50267,50.267,477,0,1,0
50519,50.519,603,0,1,0
50770,50.77,409,0,1,0
51022,51.022,606,0,1,0
51274,51.274,443,0,1,0
51526,51.526,548,0,1,0
51778,51.778,511,0,1,0
52030,52.03,507,0,1,0
52282,52.282,532,0,1,0
52533,52.533,463,0,1,0
52785,52.785,608,0,1,0
53037,53.037,411,0,1,0
53288,53.288,600,0,1,0
53540,53.54,462,0,1,0
53792,53.792,529,0,1,0
54044,54.044,511,0,1,0
54296,54.296,502,0,1,0
54548,54.548,552,0,1,0
54800,54.8,433,0,1,0
55052,55.052,613,0,1,0
55304,55.304,416,0,1,0
55556,55.556,579,0,1,0
55808,55.808,498,0,1,0
56059,56.059,511,0,1,0
56311,56.311,516,0,1,0
56563,56.563,485,0,1,0
56814,56.814,587,0,1,0
57066,57.066,413,0,1,0
57318,57.318,609,0,1,0
57570,57.57,431,0,1,0
57822,57.822,554,0,1,0
58074,58.074,507,0,1,0
58326,58.326,508,0,1,0
58577,58.577,526,1,1,0
58829,58.829,468,1,1,0
59081,59.081,607,1,1,0
59333,59.333,410,1,1,0
59585,59.585,602,1,1,0
59837,59.837,458,1,1,0
60089,60.089,531,1,1,0
60341,60.341,511,1,1,0
60593,60.593,503,1,1,0
60844,60.844,550,1,1,0
61095,61.095,438,1,1,0
61347,61.347,613,1,1,0
61599,61.599,415,1,1,0
61851,61.851,577,1,1,0
62103,62.103,494,1,1,0
62355,62.355,511,1,1,0
62607,62.607,516,1,1,0
62859,62.859,487,1,1,0
63111,63.111,583,1,1,0
63363,63.363,413,1,1,0
63614,63.614,609,1,1,0
63866,63.866,431,1,1,0
64118,64.118,557,0,1,0
64370,64.37,507,0,1,0
64622,64.622,509,0,1,0
64873,64.873,526,0,1,0
65125,65.125,468,0,1,0
65377,65.377,605,0,1,0
65629,65.629,409,0,1,0
65881,65.881,602,0,1,0
66132,66.132,457,0,1,0
66384,66.384,532,0,1,0
66636,66.636,511,0,1,0
66888,66.888,501,0,1,0
67140,67.14,550,0,1,0
67392,67.392,434,0,1,0
67644,67.644,613,0,1,0
67896,67.896,416,0,1,0
68148,68.148,581,0,1,0
68400,68.4,496,0,1,0
68652,68.652,511,0,1,0
68903,68.903,516,0,1,0
69154,69.154,489,0,1,0
69406,69.406,580,0,1,0
69658,69.658,415,0,1,0
69910,69.91,610,0,1,0
70162,70.162,429,0,1,0
70414,70.414,562,0,1,0
70666,70.666,505,0,1,0
70918,70.918,509,0,1,0
71170,71.17,525,0,1,0
71421,71.421,469,0,1,0
71673,71.673,604,0,1,0
71925,71.925,409,0,1,0
72177,72.177,603,0,1,0
72429,72.429,455,0,1,0
72681,72.681,534,0,1,0
72933,72.933,511,0,1,0
73184,73.184,504,0,1,0
73436,73.436,545,0,1,0
73688,73.688,441,0,1,0
73939,73.939,613,0,0,0
74191,74.191,414,0,0,0
74443,74.443,596,0,0,0
74695,74.695,492,0,0,0
74947,74.947,511,0,0,0
75199,75.199,514,0,0,0
75451,75.451,493,0,0,0
75703,75.703,571,0,0,0
75955,75.955,441,0,0,0
76207,76.207,611,0,0,0
76459,76.459,442,1,1,0
76710,76.71,643,1,1,0
76962,76.962,594,1,1,0
77214,77.214,620,1,1,0
77465,77.465,640,1,1,0
77717,77.717,577,1,1,0
77969,77.969,701,1,1,0
78221,78.221,874,1,1,0
78473,78.473,1022,1,0,0
78725,78.725,1021,1,0,0
78977,78.977,1022,1,0,0
79228,79.228,1022,1,0,0
79480,79.48,1022,1,0,0
79732,79.732,1022,1,0,0
79984,79.984,1022,1,0,0
80236,80.236,1022,1,0,0
80488,80.488,1022,1,0,0
80740,80.74,1021,1,0,0
80992,80.992,1012,1,0,0
81244,81.244,1011,1,0,0
81496,81.496,1014,1,0,0
81747,81.747,975,1,0,0
81999,81.999,959,1,0,0
82251,82.251,917,1,0,0
82503,82.503,974,1,0,0
82755,82.755,924,1,0,0
83007,83.007,824,1,1,0
83259,83.259,789,1,1,0
83511,83.511,832,1,1,0
83763,83.763,869,1,1,0
84015,84.015,661,1,1,0
84265,84.265,722,1,1,0
84517,84.517,590,1,1,0
84769,84.769,776,1,1,0
85021,85.021,647,1,1,0
85273,85.273,656,1,1,0
85525,85.525,574,1,1,0
85777,85.777,639,1,1,0
86029,86.029,666,1,1,0
86281,86.281,571,1,1,0
86533,86.533,687,1,1,0
86785,86.785,611,1,1,0
87036,87.036,853,1,1,0
87288,87.288,812,1,1,0
87540,87.54,864,1,1,0
87792,87.792,936,1,0,0
88044,88.044,982,1,0,0
88295,88.295,967,1,0,0
88547,88.547,923,1,0,0
88799,88.799,980,1,0,0
89051,89.051,998,1,0,0
89303,89.303,992,1,0,0
89554,89.554,896,1,1,0
89806,89.806,880,1,1,0
90058,90.058,859,1,1,0
90310,90.31,784,1,1,0
90562,90.562,790,1,1,0
90814,90.814,563,1,1,0
91066,91.066,698,1,1,0
91318,91.318,608,1,1,0
91570,91.57,702,1,1,0
91822,91.822,598,1,1,0
92073,92.073,578,1,1,0
92325,92.325,567,1,1,0
92576,92.576,574,1,1,0
92828,92.828,651,1,1,0
93080,93.08,517,1,1,0
93332,93.332,634,1,1,0
93584,93.584,464,1,1,0
93836,93.836,639,1,1,0
94088,94.088,561,1,1,0
94340,94.34,554,1,1,0
94592,94.592,526,1,1,0
94843,94.843,530,1,1,0
95095,95.095,617,1,1,0
95347,95.347,445,1,1,0
95599,95.599,613,1,1,0
95851,95.851,444,1,1,0
96103,96.103,602,1,1,0
96355,96.355,521,1,1,0
96606,96.606,511,1,1,0
96858,96.858,520,1,1,0
97110,97.11,510,1,1,0
97361,97.361,594,1,1,0
97613,97.613,448,1,1,0
97865,97.865,637,1,1,0
98117,98.117,433,1,1,0
98369,98.369,587,1,1,0
98621,98.621,505,1,1,0
98873,98.873,511,1,1,0
99125,99.125,515,1,1,0
99377,99.377,513,1,1,0
99629,99.629,572,1,1,0
99880,99.88,477,1,1,0
100132,100.132,639,1,1,0
100384,100.384,445,1,1,0
100636,100.636,609,1,1,0
100888,100.888,502,1,1,0
101140,101.14,585,1,1,0
101392,101.392,547,1,1,0
101644,101.644,526,1,1,0
101896,101.896,596,1,1,0
102148,102.148,496,1,1,0
102400,102.4,657,1,1,0
102650,102.65,471,1,1,0
102902,102.902,620,1,1,0
103154,103.154,536,1,1,0
103406,103.406,594,1,1,0
103658,103.658,563,1,1,0
103910,103.91,527,1,1,0
104162,104.162,624,1,1,0
104414,104.414,506,1,1,0
104666,104.666,659,1,1,0
104918,104.918,488,1,1,0
105169,105.169,622,1,1,0
105421,105.421,563,1,1,0
105673,105.673,586,1,1,0
105925,105.925,579,1,1,0
106177,106.177,526,1,1,0
106429,106.429,649,1,1,0
106681,106.681,502,0,1,0
106933,106.933,668,0,1,0
107185,107.185,497,0,1,0
107437,107.437,624,0,1,0
107688,107.688,573,0,1,0
107940,107.94,587,0,1,0
108192,108.192,580,0,1,0
108444,108.444,529,0,1,0
108696,108.696,665,0,1,0
108948,108.948,499,0,1,0
109200,109.2,672,0,1,0
109452,109.452,501,0,1,0
109704,109.704,625,0,1,0
109956,109.956,575,0,1,0
110208,110.208,588,0,1,0
110459,110.459,588,0,1,0
110711,110.711,528,0,1,0
110963,110.963,674,0,1,0
111215,111.215,499,0,1,0
111467,111.467,675,0,1,0
111719,111.719,507,0,1,0
111971,111.971,629,0,1,0
112223,112.223,576,0,1,0
112475,112.475,593,0,1,0
112727,112.727,590,0,1,0
112978,112.978,530,0,1,0
113230,113.23,678,0,1,0
113482,113.482,501,0,1,0
113734,113.734,678,0,1,0
113986,113.986,512,0,1,0
114238,114.238,631,0,1,0
114490,114.49,576,0,1,0
114742,114.742,596,0,1,0
114994,114.994,594,0,1,0
115246,115.246,532,0,1,0
115497,115.497,680,0,1,0
115749,115.749,504,0,1,0
116001,116.001,680,0,1,0
116253,116.253,516,0,1,0
116505,116.505,633,0,0,0
116757,116.757,576,0,0,0
117009,117.009,596,0,0,0
117261,117.261,593,0,0,0
117513,117.513,531,0,0,0
117765,117.765,678,0,0,0
118017,118.017,503,0,0,0
118268,118.268,678,0,0,0
118520,118.52,515,0,0,0
118772,118.772,630,0,0,0
119024,119.024,575,0,0,0
119276,119.276,596,0,0,0
119528,119.528,594,0,0,0
119780,119.78,530,0,0,0
120032,120.032,682,0,0,0
120284,120.284,505,0,0,0
120536,120.536,674,0,0,0
120787,120.787,521,0,0,0
121039,121.039,631,0,0,0
121291,121.291,573,0,0,0
121543,121.543,597,0,0,0
121795,121.795,597,0,0,0
122047,122.047,532,0,0,0
122299,122.299,683,0,0,0
122551,122.551,509,0,0,0
122803,122.803,667,0,0,0
123055,123.055,529,0,0,0
123307,123.307,632,0,0,0
123558,123.558,573,0,0,0
123810,123.81,597,0,0,0
124062,124.062,603,0,0,0
124314,124.314,532,0,0,0
124566,124.566,683,0,0,0
124818,124.818,510,0,0,0
125069,125.069,663,0,0,0
125321,125.321,533,0,0,0
125573,125.573,632,0,0,0
125825,125.825,574,0,0,0
126076,126.076,592,0,0,0
126328,126.328,610,0,0,0
126580,126.58,531,0,0,0
126832,126.832,682,0,0,0
127084,127.084,509,0,0,0
127336,127.336,638,0,0,0
127588,127.588,548,0,0,0
127840,127.84,614,1,1,0
128092,128.092,572,1,1,0
128344,128.344,541,1,1,0
128595,128.595,610,1,1,0
128847,128.847,503,1,1,0
129099,129.099,659,1,1,0
129351,129.351,678,1,1,0
129603,129.603,772,1,1,0
129855,129.855,709,1,1,0
130107,130.107,780,1,1,0
130359,130.359,776,1,1,0
130611,130.611,719,1,1,0
130863,130.863,753,1,1,0
131115,131.115,705,1,1,0
131366,131.366,814,1,1,0
131618,131.618,736,1,1,0
131870,131.87,774,1,1,0
132122,132.122,739,1,1,0
132374,132.374,789,1,1,0
132626,132.626,791,1,1,0
132878,132.878,708,1,1,0
133130,133.13,816,1,1,0
133382,133.382,748,1,1,0
133634,133.634,821,1,1,0
133885,133.885,738,1,1,0
134137,134.137,785,1,1,0
134389,134.389,779,0,1,0
134641,134.641,792,0,1,0
134893,134.893,794,0,1,0
135145,135.145,713,0,1,0
135397,135.397,826,0,1,0
135649,135.649,761,0,1,0
135901,135.901,814,0,1,0
136153,136.153,726,0,1,0
136404,136.404,792,0,1,0
136656,136.656,794,0,1,0
136908,136.908,770,0,1,0
137160,137.16,799,0,1,0
137412,137.412,725,0,1,0
137664,137.664,839,0,1,0
137916,137.916,772,0,1,0
138168,138.168,806,0,1,0
138420,138.42,745,0,1,0
138672,138.672,796,0,1,0
138924,138.924,810,0,1,0
139175,139.175,763,0,1,0
139427,139.427,811,0,1,0
139679,139.679,741,0,1,0
139931,139.931,843,0,1,0
140183,140.183,776,0,1,0
140435,140.435,803,0,1,0
140687,140.687,756,0,1,0
140939,140.939,800,0,1,0
141191,141.191,816,0,1,0
141443,141.443,755,0,1,0
141694,141.694,815,0,1,0
141946,141.946,741,0,1,0
142198,142.198,847,0,1,0
142450,142.45,778,0,1,0
142702,142.702,800,0,1,0
142954,142.954,766,0,1,0
143206,143.206,810,0,1,0
143458,143.458,816,0,1,0
143710,143.71,750,0,1,0
143962,143.962,821,0,1,0
144214,144.214,752,0,0,0
144465,144.465,842,0,0,0
144717,144.717,770,0,0,0
144969,144.969,793,0,0,0
145221,145.221,758,0,0,0
145473,145.473,807,0,0,0
145725,145.725,817,0,0,0
145977,145.977,743,0,0,0
146229,146.229,818,0,0,0
146481,146.481,750,0,0,0
146732,146.732,840,0,0,0
146983,146.983,765,0,0,0
147235,147.235,788,0,0,0
147487,147.487,764,0,0,0
147739,147.739,800,0,0,0
147991,147.991,813,0,0,0
148243,148.243,736,0,0,0
148495,148.495,816,0,0,0
148747,148.747,755,0,0,0
148999,148.999,845,0,0,0
149251,149.251,761,0,0,0
149502,149.502,790,0,0,0
149754,149.754,772,0,0,0
150006,150.006,807,0,0,0
150258,150.258,809,0,0,0
150510,150.51,735,0,0,0
150762,150.762,818,0,0,0
151014,151.014,756,0,0,0
151266,151.266,842,0,0,0
151518,151.518,759,0,0,0
151770,151.77,790,0,0,0
152022,152.022,775,0,0,0
152273,152.273,805,0,0,0
152525,152.525,808,0,0,0
152777,152.777,736,0,0,0
153029,153.029,828,0,0,0
153281,153.281,767,0,0,0
153533,153.533,836,0,0,0
153785,153.785,756,0,0,0
154037,154.037,790,0,0,0
154289,154.289,782,0,0,0
154541,154.541,809,0,0,0
154792,154.792,811,0,0,0
155044,155.044,730,0,0,0
155296,155.296,836,0,0,0
155548,155.548,772,0,0,0
155800,155.8,831,0,0,0
156052,156.052,753,0,0,0
156304,156.304,798,0,0,0
156556,156.556,793,0,0,0
156808,156.808,798,0,0,0
157060,157.06,807,0,0,0
157312,157.312,731,0,0,0
157563,157.563,844,0,0,0
157815,157.815,785,0,0,0
158067,158.067,816,0,0,0
158319,158.319,754,0,0,0
158571,158.571,803,0,0,0
158823,158.823,815,0,0,0
159075,159.075,775,0,0,0
159327,159.327,813,0,0,0
159579,159.579,738,0,0,0
159831,159.831,845,0,0,0
160082,160.082,776,0,0,0
160334,160.334,799,0,0,0
160586,160.586,758,0,0,0
160838,160.838,807,0,0,0
161090,161.09,824,0,0,0
161342,161.342,746,1,1,0
161594,161.594,808,1,1,0
161846,161.846,670,1,1,0
162098,162.098,763,1,1,0
162350,162.35,543,1,1,0
162601,162.601,652,1,1,0
162853,162.853,588,1,1,0
163105,163.105,626,1,1,0
163357,163.357,586,1,1,0
163609,163.609,520,1,1,0
163861,163.861,675,1,1,0
164113,164.113,497,1,1,0
164365,164.365,645,1,1,0
164617,164.617,524,1,1,0
164869,164.869,606,1,1,0
165121,165.121,540,1,1,0
165372,165.372,523,1,1,0
165624,165.624,658,1,1,0
165876,165.876,1017,1,0,0
166128,166.128,1022,1,0,0
166380,166.38,1022,1,0,0
166632,166.632,1021,1,0,0
166884,166.884,1021,1,0,0
167136,167.136,1022,1,0,0
167388,167.388,1022,1,0,0
167640,167.64,1022,1,0,0
167891,167.891,1022,1,0,0
168143,168.143,1022,1,0,0
168395,168.395,1021,1,0,0
168647,168.647,1021,1,0,0
168899,168.899,1022,1,0,0
169151,169.151,1022,1,0,0
169403,169.403,1022,1,0,0
169655,169.655,1022,1,0,0
169907,169.907,1022,1,0,0
170159,170.159,1022,1,0,0
170411,170.411,1022,1,0,0
170662,170.662,1022,1,0,0
171115,171.115,1022,1,1,1
171367,171.367,1022,1,1,1
171619,171.619,1022,1,1,1
171871,171.871,1022,1,1,1
172123,172.123,1022,1,1,1
172375,172.375,1022,1,1,1
172626,172.626,1022,1,1,1
172878,172.878,1022,1,1,1
173130,173.13,1022,1,1,1
173382,173.382,1022,1,1,1
173634,173.634,1022,1,1,1
173886,173.886,1022,1,1,1
174138,174.138,1022,1,1,1
174390,174.39,1022,1,1,1
174642,174.642,1022,1,1,1
174894,174.894,1022,1,1,1
175145,175.145,1022,1,1,1
175397,175.397,1022,1,1,1
175649,175.649,1022,1,1,1
175901,175.901,1021,1,1,1
176153,176.153,1022,1,1,1
176405,176.405,1022,1,1,1
176657,176.657,1022,1,1,1
176909,176.909,1021,1,1,1
177361,177.361,1022,1,0,2
177613,177.613,1021,1,0,2
177865,177.865,1022,1,0,2
178117,178.117,1022,1,0,2
178369,178.369,1021,1,0,2
178621,178.621,1022,1,0,2
178873,178.873,1021,1,0,2
179125,179.125,1022,1,0,2
179377,179.377,1022,1,0,2
179629,179.629,1022,1,0,2
179880,179.88,1022,1,0,2
180132,180.132,1022,1,0,2
180384,180.384,1021,1,0,2
180636,180.636,1021,1,0,2
180888,180.888,1022,1,0,2
181140,181.14,1021,1,0,2
181392,181.392,1021,1,0,2
181644,181.644,1022,1,0,2
181896,181.896,1021,1,0,2
182148,182.148,1022,1,0,2
182400,182.4,1021,1,0,2
182651,182.651,1022,1,0,2
182903,182.903,1021,1,0,2
183155,183.155,1021,1,0,2
183407,183.407,1021,1,0,2
183659,183.659,1022,1,0,2
183911,183.911,1022,1,0,2
184163,184.163,1022,1,0,2
184415,184.415,1022,1,0,2
184667,184.667,1021,0,0,2
184919,184.919,1022,0,0,2
185170,185.17,1022,0,0,2
185422,185.422,1022,0,0,2
185674,185.674,1022,0,0,2
185926,185.926,1022,0,0,2
186178,186.178,1022,0,0,2
186430,186.43,1022,0,0,2
186682,186.682,1022,0,0,2
186934,186.934,1021,0,0,2
187186,187.186,1022,0,0,2
187438,187.438,1021,0,0,2
187689,187.689,1022,0,0,2
187941,187.941,1022,0,0,2
188193,188.193,1022,0,0,2
188445,188.445,1021,0,0,2
188697,188.697,1022,0,0,2
188949,188.949,1022,0,0,2
189201,189.201,1021,0,0,2
189453,189.453,1022,0,0,2
189705,189.705,1022,0,0,2
189957,189.957,1022,0,0,2
190209,190.209,1021,0,0,2
190460,190.46,1022,0,0,2
190712,190.712,1021,0,0,2
190964,190.964,1022,0,0,2
191216,191.216,1022,0,0,2
191468,191.468,1021,0,0,2
191720,191.72,1021,0,0,2
191972,191.972,1021,0,0,2
192224,192.224,1021,0,0,2
192476,192.476,1022,0,0,2
192728,192.728,1022,0,0,2
192979,192.979,1022,0,0,2
193231,193.231,1021,0,0,2
193483,193.483,1022,0,0,2
193735,193.735,1022,0,0,2
193987,193.987,1022,0,0,2
194239,194.239,1022,0,0,2
194491,194.491,1022,0,0,2
194743,194.743,1021,0,0,2
194995,194.995,1022,0,0,2
195247,195.247,1022,0,0,2
195499,195.499,1022,0,0,2
195750,195.75,1022,0,0,2
196002,196.002,1022,0,0,2
196254,196.254,1022,0,0,2
196506,196.506,1022,0,0,2
196758,196.758,1022,0,0,2
197010,197.01,1021,0,0,2
197262,197.262,1021,0,0,2
197514,197.514,1021,0,0,2
197766,197.766,1021,0,0,2
198018,198.018,1022,0,0,2
198269,198.269,1021,0,0,2
198521,198.521,1022,0,0,2
198773,198.773,1022,0,0,2
199025,199.025,1022,0,0,2
199277,199.277,1022,0,0,2
199529,199.529,1022,0,0,2
199781,199.781,1022,0,0,2
200033,200.033,1022,0,0,2
200285,200.285,1021,0,0,2
200537,200.537,1022,0,0,2
200788,200.788,1022,0,0,2
201040,201.04,1022,0,0,2
201292,201.292,1022,0,0,2
201544,201.544,1021,0,0,2
201796,201.796,1021,0,0,2
202048,202.048,1022,0,0,2
202300,202.3,1022,0,0,2
202552,202.552,1022,0,0,2
202804,202.804,1022,0,0,2
203056,203.056,1022,0,0,2
203308,203.308,1022,0,0,2
203559,203.559,1022,0,0,2
203811,203.811,1022,0,0,2
204063,204.063,1021,0,0,2
204315,204.315,1022,0,0,2
204567,204.567,1022,0,0,2
204819,204.819,1022,0,0,2
205071,205.071,1021,0,0,2
205323,205.323,1022,0,0,2
205575,205.575,1022,0,0,2
205827,205.827,1022,0,0,2
206078,206.078,1022,0,0,2
206330,206.33,1022,0,0,2
206582,206.582,1022,0,0,2
206834,206.834,1022,0,0,2
207086,207.086,1021,0,0,2
207338,207.338,1022,0,0,2
207590,207.59,1021,0,0,2
207842,207.842,1022,0,0,2
208094,208.094,1022,0,0,2
208346,208.346,1021,0,0,2
208598,208.598,1022,0,0,2
208849,208.849,1022,0,0,2
209101,209.101,1022,0,0,2
209353,209.353,1022,0,0,2
209605,209.605,1021,0,0,2
209857,209.857,1022,0,0,2
210109,210.109,1022,0,0,2
210361,210.361,1022,0,0,2
210613,210.613,1022,0,0,2
210865,210.865,1022,0,0,2
211117,211.117,1022,0,0,2
211368,211.368,1022,0,0,2
211620,211.62,1022,0,0,2
211872,211.872,1022,0,0,2
212124,212.124,1022,0,0,2
212376,212.376,1021,0,0,2
212628,212.628,1022,0,0,2
212880,212.88,1022,0,0,2
213132,213.132,1022,0,0,2
213384,213.384,1022,0,0,2
213636,213.636,1022,0,0,2
213888,213.888,1022,0,0,2
214139,214.139,1022,0,0,2
214391,214.391,1022,0,0,2
214643,214.643,1022,0,0,2
214895,214.895,1021,0,0,2
215147,215.147,1022,0,0,2
215399,215.399,1022,0,0,2
215651,215.651,1022,0,0,2
215903,215.903,1022,0,0,2
216155,216.155,1022,0,0,2
216407,216.407,1022,0,0,2
216658,216.658,1021,0,0,2
216910,216.91,1022,1,0,2
217162,217.162,1022,1,0,2
217414,217.414,1021,1,0,2
217666,217.666,1022,1,0,2
217918,217.918,1022,1,0,2
218170,218.17,1021,1,0,2
218422,218.422,1022,1,0,2
218674,218.674,1021,1,0,2
218926,218.926,1022,1,0,2
219177,219.177,1022,1,0,2
219429,219.429,1021,1,0,2
219681,219.681,1022,1,0,2
219933,219.933,1021,1,0,2
220185,220.185,1022,1,0,2
220437,220.437,1022,1,0,2
220689,220.689,1022,1,0,2
220941,220.941,1022,1,0,2
221193,221.193,1022,1,0,2
221445,221.445,1021,1,0,2
221697,221.697,1022,1,0,2
221948,221.948,1022,1,0,2
222200,222.2,1021,1,0,2
222452,222.452,1022,0,0,2
222704,222.704,1021,0,0,2
222956,222.956,1022,0,0,2
223208,223.208,1022,0,0,2
223460,223.46,1022,0,0,2
223712,223.712,1021,0,0,2
223964,223.964,1022,0,0,2
224216,224.216,1022,0,0,2
224467,224.467,1022,0,0,2
224719,224.719,1021,0,0,2
224971,224.971,1021,0,0,2
225223,225.223,1022,0,0,2
225475,225.475,1021,0,0,2
225727,225.727,1022,0,0,2
225979,225.979,1022,0,0,2
226231,226.231,1022,0,0,2
226483,226.483,1021,0,0,2
226735,226.735,1022,0,0,2
226987,226.987,1022,0,0,2
227238,227.238,1022,0,0,2
227490,227.49,1021,1,0,2
227742,227.742,1021,1,0,2
227994,227.994,1022,1,0,2
228246,228.246,1022,1,0,2
228498,228.498,1022,1,0,2
228750,228.75,1022,1,0,2
229002,229.002,1022,1,0,2
229254,229.254,1022,1,0,2
229506,229.506,1022,1,0,2
229757,229.757,1022,1,0,2
230009,230.009,1021,1,0,2
230261,230.261,1022,1,0,2
230513,230.513,1022,1,0,2
230765,230.765,1021,1,0,2
231017,231.017,1022,1,0,2
231269,231.269,1022,1,0,2
231521,231.521,1022,1,0,2
231773,231.773,1022,1,0,2
232025,232.025,1022,1,0,2
232276,232.276,1022,1,0,2
232528,232.528,1022,1,0,2
232780,232.78,1022,1,0,2
233032,233.032,1022,1,0,2
233284,233.284,1021,1,0,2
233536,233.536,1022,1,0,2
233788,233.788,1022,1,0,2
234040,234.04,1021,1,0,2
234292,234.292,1022,1,0,2
234544,234.544,1021,1,0,2
234796,234.796,1021,1,0,2
235047,235.047,1022,1,0,2
235299,235.299,1022,1,0,2
